subject,body,answer,type,queue,priority,language,version,tag_1,tag_2,tag_3,tag_4,tag_5,tag_6,tag_7,tag_8,record_id,ticket_text,ticket_text_length
,"Customer Support, reporting an issue with the investment optimization analysis report. The analysis failed due to data synchronization errors between Oracle Database 19c and PHP 8.0. The potential cause might be version incompatibilities or misconfigured connectors. Attempts to resolve the problem by restarting services, updating drivers, and checking data pipelines have been unsuccessful. We would greatly appreciate your assistance in resolving this issue. Please let us know how you can help.","<name>, thank you for reporting the issue with the investment optimization analysis. We apologize for the inconvenience caused by data synchronization errors between Oracle Database 19c and PHP 8.0. We are investigating possible causes such as version incompatibilities or misconfigured connectors. To assist you more effectively, could you please provide the error messages received and details about your connector configurations? If needed, we can schedule a call at <tel_num> to discuss this further. Please let us know a convenient time for the call. Thank you.",Incident,Billing and Payments,high,en,52,Bug,Performance,Outage,Disruption,Recovery,Technical Support,,,src-07636,"Customer Support, reporting an issue with the investment optimization analysis report. The analysis failed due to data synchronization errors between Oracle Database 19c and PHP 8.0. The potential cause might be version incompatibilities or misconfigured connectors. Attempts to resolve the problem by restarting services, updating drivers, and checking data pipelines have been unsuccessful. We would greatly appreciate your assistance in resolving this issue. Please let us know how you can help.",498
Subscription Renewal Issue,Faced a billing problem.,"Dear <name>, we regret to hear about the billing issue you encountered during subscription renewal. Could you please share more details so we can assist you better?",Problem,Billing and Payments,high,en,400,Billing,Payment,Account,,,,,,src-21177,"Subscription Renewal Issue
Faced a billing problem.",51
,"Seeking guidance on integrating IBM Cloud Kubernetes to optimize investment data analytics solutions. Could you provide detailed steps and resources to assist in achieving this? I am interested in leveraging Kubernetes's scalability and flexibility to enhance data analytics capabilities. Specifically, I want to know how to deploy and manage containers effectively and ensure seamless data flow within IBM Cloud Kubernetes. Your guidance and support would be highly appreciated.","Happy to assist with integrating IBM Cloud Kubernetes for optimized investment data analytics solutions. To get started, I recommend reviewing the official IBM Cloud documentation on Kubernetes deployment and management. Additionally, explore the IBM Cloud Kubernetes Service portal for comprehensive guides and tutorials. For ensuring seamless data flow, consider utilizing IBM Cloud's data transfer services. If you need personalized guidance, feel free to schedule a call to discuss further.",Request,Customer Service,high,en,52,Feature,Performance,Scalability,Flexibility,Support,Analytics,,,src-07157,"Seeking guidance on integrating IBM Cloud Kubernetes to optimize investment data analytics solutions. Could you provide detailed steps and resources to assist in achieving this? I am interested in leveraging Kubernetes's scalability and flexibility to enhance data analytics capabilities. Specifically, I want to know how to deploy and manage containers effectively and ensure seamless data flow within IBM Cloud Kubernetes. Your guidance and support would be highly appreciated.",479
Help with Data Tools,"We are facing problems with our data analytics tools. It seems recent updates might have caused integration conflicts. We have already tried restarting and checking the connectivity, but the issue still persists.","<name> will assist with the issues you're experiencing with the data analytics tools. I'm sorry to hear that the problem continues even after restarting and checking the connectivity. To better understand the issue, could you please provide details on the recent updates and integration changes made? Additionally, it would be helpful to know any specific error messages you are encountering. If convenient, you can call <tel_num> to discuss and work on a resolution. Please let us know a suitable time that works for you to continue this discussion.",Incident,Customer Service,high,en,400,Bug,Network,Performance,IT,Tech Support,,,,src-21312,"Help with Data Tools
We are facing problems with our data analytics tools. It seems recent updates might have caused integration conflicts. We have already tried restarting and checking the connectivity, but the issue still persists.",233
Incident Impacting Several Products Today,"An incident has occurred, impacting several products: KNIME, Bitbucket, DocuSign, Chef, RAM, Express.js 4.17, Soundbar, ClickUp, Slack, Logitech StreamCam. Potential cause: Recent system updates and configuration changes may have introduced incompatibilities or resource shortages. Actions taken: Restarted affected services, checked system logs, rolled back recent updates; however, the issues persist.","Acknowledging the incident affecting multiple products including KNIME, Bitbucket, DocuSign, Chef, RAM, Express.js 4.17, Soundbar, ClickUp, Slack, and Logitech StreamCam. The potential cause is incompatibilities or resource shortages due to recent system updates and configuration changes. Appreciate the efforts made to resolve the issue by restarting affected services, checking system logs, and rolling back recent updates. We will continue to troubleshoot the issue.",Incident,General Inquiry,low,en,52,Bug,Crash,Performance,Outage,Disruption,Recovery,Maintenance,IT,src-05987,"Incident Impacting Several Products Today
An incident has occurred, impacting several products: KNIME, Bitbucket, DocuSign, Chef, RAM, Express.js 4.17, Soundbar, ClickUp, Slack, Logitech StreamCam. Potential cause: Recent system updates and configuration changes may have introduced incompatibilities or resource shortages. Actions taken: Restarted affected services, checked system logs, rolled back recent updates; however, the issues persist.",445
,"request improvements for data analytics tools integration. current tools are sufficient, but need advanced features for informed decision-making. particularly, require enhanced data visualization, predictive modeling, and real-time reporting. these enhancements will help optimize investments and improve overall performance. would appreciate it if you could provide a timeline for the expected enhancements. your attention to this matter is greatly appreciated.","Dear [Name], thank you for your request to improve the data analytics tools integration. We understand the importance of advanced features such as data visualization, predictive modeling, and real-time reporting for making informed decisions. We will review your request and provide you with a timeline for the expected enhancements. To better understand your requirements, we may need to discuss further. We are available for a call at your convenience. Please let us know a suitable time to reach you at [Tel Num] to schedule the call and go over the details.",Change,General Inquiry,low,en,400,Feature,Feedback,Documentation,,,,,,src-20151,"request improvements for data analytics tools integration. current tools are sufficient, but need advanced features for informed decision-making. particularly, require enhanced data visualization, predictive modeling, and real-time reporting. these enhancements will help optimize investments and improve overall performance. would appreciate it if you could provide a timeline for the expected enhancements. your attention to this matter is greatly appreciated.",462
,"Customer Support has reported an issue with the SaaS project management platform. The platform is experiencing sporadic outages, which are believed to be caused by server overload. The team has attempted to resolve the problem by restarting servers and optimizing resource allocation. Despite these efforts, the issue continues, raising concerns about its impact on users' ability to access the platform and complete their work. Could you please assist us in troubleshooting this problem and help find a permanent solution?","<name> Service Desk team has received an email regarding the intermittent outages of the SaaS project management platform. To assist with troubleshooting, we would like to schedule a call to discuss the details. Please let us know a convenient time for a call. You can reach us at <tel_num>. We look forward to working together to resolve this issue and restore the platform's smooth operation.",Incident,Human Resources,medium,en,52,Outage,Disruption,Performance,Server,Resource Allocation,User Impact,IT,Tech Support,src-06753,"Customer Support has reported an issue with the SaaS project management platform. The platform is experiencing sporadic outages, which are believed to be caused by server overload. The team has attempted to resolve the problem by restarting servers and optimizing resource allocation. Despite these efforts, the issue continues, raising concerns about its impact on users' ability to access the platform and complete their work. Could you please assist us in troubleshooting this problem and help find a permanent solution?",523
Query Regarding Strategies for Brand Expansion,Would it be possible to share specifics on digital strategies that can enhance brand growth and engagement? This information would help us tailor our approach to provide you with better support. Thank you for considering our request!,We will provide an overview of digital strategies for brand growth and engagement. Please allow us to contact you at a convenient time to discuss the details further. <acc_num>,Request,Human Resources,high,en,400,Feedback,Sales,Feature,Documentation,,,,,src-19957,"Query Regarding Strategies for Brand Expansion
Would it be possible to share specifics on digital strategies that can enhance brand growth and engagement? This information would help us tailor our approach to provide you with better support. Thank you for considering our request!",280
Urgent Assistance Required for Digital Strategy Implementation,"I am expressing urgent concern regarding the digital strategy deployed by our marketing agency. Unfortunately, we are facing numerous software and hardware problems that are disrupting our workflow. Despite trying manual resets and basic troubleshooting steps, we have been unable to resolve these issues. There may be conflicts in integration causing these disruptions. Our team is struggling to manage the workload due to these technical difficulties. We would greatly appreciate your assistance in resolving these problems. Please let us know how you can help.","We understand your concerns about the digital strategy challenges and are here to assist. To better comprehend the issues you're facing, could you please provide details about the specific software and hardware problems, any error messages, and particular symptoms? Additionally, sharing the troubleshooting steps you've already attempted would be helpful. We will review this information to determine the next steps to restore your digital strategy. If needed, we can also arrange a call at a convenient time for you to discuss further.",Problem,IT Support,medium,en,52,IT,Tech Support,Performance,Disruption,,,,,src-06311,"Urgent Assistance Required for Digital Strategy Implementation
I am expressing urgent concern regarding the digital strategy deployed by our marketing agency. Unfortunately, we are facing numerous software and hardware problems that are disrupting our workflow. Despite trying manual resets and basic troubleshooting steps, we have been unable to resolve these issues. There may be conflicts in integration causing these disruptions. Our team is struggling to manage the workload due to these technical difficulties. We would greatly appreciate your assistance in resolving these problems. Please let us know how you can help.",626
Severe Event: Recent Concurrent Disconnects of Applications on Devices,"A critical event has been observed where applications on devices have been failing to connect, which might be attributed to recent software updates or hardware problems. Rebooting and reinstalling the applications may help resolve the issue.",Kindly provide more details and specify a good time for a callback.,Incident,IT Support,high,en,400,Bug,Hardware,Network,Performance,Outage,Disruption,IT,Tech Support,src-20061,"Severe Event: Recent Concurrent Disconnects of Applications on Devices
A critical event has been observed where applications on devices have been failing to connect, which might be attributed to recent software updates or hardware problems. Rebooting and reinstalling the applications may help resolve the issue.",312
,"The healthcare provider encountered unauthorized attempts to access medical records, possibly due to outdated security measures. New firewall rules have been put in place, and staff training has been conducted to prevent similar incidents in the future. These updated rules feature more rigorous access controls and real-time monitoring. The staff training included best practices for data security and incident response. We are dedicated to taking such incidents seriously and prioritizing the safeguarding of patient information.","We appreciate your proactive steps to strengthen security measures and protect patient information. If you need further assistance, we would like to discuss additional security strategies. Please inform us of a suitable time to schedule a call at your earliest convenience.",Problem,Product Support,medium,en,52,Security,IT,Tech Support,Outage,,,,,src-06059,"The healthcare provider encountered unauthorized attempts to access medical records, possibly due to outdated security measures. New firewall rules have been put in place, and staff training has been conducted to prevent similar incidents in the future. These updated rules feature more rigorous access controls and real-time monitoring. The staff training included best practices for data security and incident response. We are dedicated to taking such incidents seriously and prioritizing the safeguarding of patient information.",531
Safe Medical Data Storage Options with Oracle Database 19c,Looking for secure methods to store hospital medical data using Oracle Database 19c. Could you provide details on best practices and configurations to ensure a secure system?,"To secure hospital medical data using Oracle Database 19c, it is recommended to enable encryption and access controls. Implementing Oracle Advanced Security and configuring Transparent Data Encryption can help protect sensitive information. It is suggested to set up auditing and monitoring to track database activity. For tailored guidance, we would be happy to discuss your specific system requirements and assist with the necessary practices and configurations.",Request,Product Support,medium,en,400,Security,Documentation,IT,Tech Support,,,,,src-20961,"Safe Medical Data Storage Options with Oracle Database 19c
Looking for secure methods to store hospital medical data using Oracle Database 19c. Could you provide details on best practices and configurations to ensure a secure system?",233
Digital Brand Expansion Tactics,"Customer Support, I am seeking information regarding the digital strategies utilized by your company to enhance brand development and expand your product offerings. Could you share detailed insights into the methods and techniques employed to improve brand visibility and reach a broader audience? I would be grateful for any guidance or advice on effectively leveraging digital channels to accelerate brand growth. In particular, I am interested in learning about social media marketing approaches, email marketing initiatives, and search engine optimization strategies.","To provide an overview of digital brand growth strategies, please let us know a convenient time for us to discuss the details further.",Request,Returns and Exchanges,low,en,52,Feedback,Marketing,Strategy,Brand Development,Digital,Visibility,,,src-07148,"Digital Brand Expansion Tactics
Customer Support, I am seeking information regarding the digital strategies utilized by your company to enhance brand development and expand your product offerings. Could you share detailed insights into the methods and techniques employed to improve brand visibility and reach a broader audience? I would be grateful for any guidance or advice on effectively leveraging digital channels to accelerate brand growth. In particular, I am interested in learning about social media marketing approaches, email marketing initiatives, and search engine optimization strategies.",603
Seeking Expertise on Digital Strategies for Brand Growth,I am looking for expert guidance on digital strategies to enhance our brand's growth. Could you provide some insights and recommendations?,We can offer guidance on digital strategies. Please provide more details about your brand's goals.,Request,Returns and Exchanges,high,en,400,Feedback,Sales,Lead,Feature,,,,,src-20711,"Seeking Expertise on Digital Strategies for Brand Growth
I am looking for expert guidance on digital strategies to enhance our brand's growth. Could you provide some insights and recommendations?",195
,"Customer Support, I am reaching out to inquire about integrating Django 3.2 into a scalable SaaS project management platform. Could you provide detailed information on how to accomplish this integration? I would also appreciate any documentation or guides available. Specifically, I want to understand the necessary steps for setup, the features supported, and any potential challenges that might arise. Additionally, I am interested in knowing the system requirements and any compatibility issues to be aware of. Thank you for your time.","<name>, thank you for your interest in integrating the Django 3.2 SaaS project management solution. We can assist you with the integration process by providing comprehensive documentation and a detailed guide. To get started, please share the specifics of your current setup. We can also arrange a call at your convenience to discuss further. Kindly let us know a suitable time for a call at <tel_num>. Alternatively, if you send us details about your existing environment, we can provide a customized guide to facilitate the integration.",Request,Sales and Pre-Sales,medium,en,52,Product,Documentation,Support,Feature,Feedback,,,,src-05762,"Customer Support, I am reaching out to inquire about integrating Django 3.2 into a scalable SaaS project management platform. Could you provide detailed information on how to accomplish this integration? I would also appreciate any documentation or guides available. Specifically, I want to understand the necessary steps for setup, the features supported, and any potential challenges that might arise. Additionally, I am interested in knowing the system requirements and any compatibility issues to be aware of. Thank you for your time.",538
Concerns and Enhancements for Medical Data Security,"Customer support, please draft a request for enhancements to security measures to safeguard medical data in hospital systems. With the increasing number of cyber attacks, it is crucial to protect sensitive patient information and prevent data breaches. I would like to suggest implementing multi-factor authentication, regular software updates, and providing employee training on cybersecurity practices. Additionally, conducting regular security audits and vulnerability assessments can help in identifying and addressing potential threats.","Thank you for your concern regarding medical data security and the suggestions provided to enhance security measures. We understand the importance of protecting sensitive patient information and preventing data breaches. We are already implementing the suggested measures, including multi-factor authentication and regular software updates. We also consider conducting regular security audits and vulnerability assessments to identify potential weaknesses. Employee training on cybersecurity practices is a priority for us. We will review your suggestions and take the necessary steps to ensure the highest level of security.",Change,Sales and Pre-Sales,low,en,400,Security,Feature,IT,Tech Support,,,,,src-19118,"Concerns and Enhancements for Medical Data Security
Customer support, please draft a request for enhancements to security measures to safeguard medical data in hospital systems. With the increasing number of cyber attacks, it is crucial to protect sensitive patient information and prevent data breaches. I would like to suggest implementing multi-factor authentication, regular software updates, and providing employee training on cybersecurity practices. Additionally, conducting regular security audits and vulnerability assessments can help in identifying and addressing potential threats.",593
Support Inquiry for SaaS Project,"Customer Support, compiling a report on an incident involving the SaaS project management platform. The platform encountered an outage that impacted several products. Potential causes might include server overload, a recent update, or a network failure. Our team has tried to resolve the issue by restarting the servers, reverting the last update, and checking network connections. Despite these efforts, the problem remains unresolved. We would greatly appreciate if you could address this matter urgently and provide a solution soon.","To investigate the SaaS platform outage, please contact us at <tel_num>. Additional information will be needed.",Incident,Service Outages and Maintenance,high,en,52,Outage,Disruption,Recovery,Network,Server,Update,Support,IT,src-06628,"Support Inquiry for SaaS Project
Customer Support, compiling a report on an incident involving the SaaS project management platform. The platform encountered an outage that impacted several products. Potential causes might include server overload, a recent update, or a network failure. Our team has tried to resolve the issue by restarting the servers, reverting the last update, and checking network connections. Despite these efforts, the problem remains unresolved. We would greatly appreciate if you could address this matter urgently and provide a solution soon.",568
Enhance Server Capacity for SaaS Platform,There is a need to enhance the server capacity to improve performance during peak usage for the scalable SaaS project management platform.,"We have received your request to improve the server capacity for the SaaS project management platform. To better understand your requirements, we would like to know the current usage patterns and expected growth. Could you please provide information on the peak usage periods and the current server specifications? This will help us recommend the best course of action to enhance server capacity and improve performance.",Change,Service Outages and Maintenance,high,en,400,Performance,Maintenance,Feature,IT,Tech Support,,,,src-20823,"Enhance Server Capacity for SaaS Platform
There is a need to enhance the server capacity to improve performance during peak usage for the scalable SaaS project management platform.",180
System Failure During Data Processing,"Dear Customer Support, I am contacting you regarding a problem with our data analytics platform. Our financial organization depends heavily on data analysis to enhance our investment strategies. Unfortunately, we are experiencing frequent crashes during data processing. Despite our attempts to resolve the issue, it persists. We have tried updating the GPU drivers and reinstalling the analytics software, but the crashes continue. It appears that the conflicts with the GPU drivers might be the cause, but we are uncertain on how to proceed. Your assistance and guidance would be highly valued.","<name>, we understand the issues related to system crashes during data processing at your financial firm. To begin troubleshooting, please provide system logs and details of your current GPU configuration. Kindly inform us of a suitable time for a call to discuss this further at <tel_num>. We aim to resolve the GPU driver conflicts affecting your data analytics system.",Problem,Technical Support,high,en,52,Crash,Performance,Hardware,Software,IT,Tech Support,,,src-06861,"System Failure During Data Processing
Dear Customer Support, I am contacting you regarding a problem with our data analytics platform. Our financial organization depends heavily on data analysis to enhance our investment strategies. Unfortunately, we are experiencing frequent crashes during data processing. Despite our attempts to resolve the issue, it persists. We have tried updating the GPU drivers and reinstalling the analytics software, but the crashes continue. It appears that the conflicts with the GPU drivers might be the cause, but we are uncertain on how to proceed. Your assistance and guidance would be highly valued.",634
Multiple Products Affected by System Outage Urgently,Facing a system outage impacting Django SAP ERP. It seems recent code modifications or server misconfigurations might be the cause. Restarting services and reviewing logs could help resolve the issue. Immediate assistance is needed to restore functionality as soon as possible.,"Received your email about the system outage affecting Django SAP ERP. I understand the urgency and am ready to assist in restoring functionality as soon as possible. For a thorough investigation, could you provide details on the recent code changes made? Additionally, I need to review the logs. I prefer to discuss this over a call; please call me at <tel_num>.",Incident,Technical Support,high,en,400,Outage,Disruption,Recovery,Performance,IT,Tech Support,,,src-20735,"Multiple Products Affected by System Outage Urgently
Facing a system outage impacting Django SAP ERP. It seems recent code modifications or server misconfigurations might be the cause. Restarting services and reviewing logs could help resolve the issue. Immediate assistance is needed to restore functionality as soon as possible.",330
